{"cameraMode":{"drawMode":0,"name":"Shaded","section":"Shading Mode"},"sceneLighting":true,"audioPlay":false,"sceneViewState":{"m_AlwaysRefresh":false,"showFog":true,"showSkybox":true,"showFlares":true,"showImageEffects":true,"showParticleSystems":true,"showVisualEffectGraphs":true,"m_FxEnabled":true},"in2DMode":false,"pivot":{"x":-0.8205488324165344,"y":2.6818013191223146,"z":3.2425875663757326},"rotation":{"x":-0.23133037984371186,"y":0.5726187229156494,"z":-0.17263047397136689,"w":-0.7673277854919434},"size":0.5622795224189758,"orthographic":false}