{"cameraMode":{"drawMode":0,"name":"Shaded","section":"Shading Mode"},"sceneLighting":true,"audioPlay":false,"sceneViewState":{"m_AlwaysRefresh":false,"showFog":true,"showSkybox":true,"showFlares":true,"showImageEffects":true,"showParticleSystems":true,"showVisualEffectGraphs":true,"m_FxEnabled":true},"in2DMode":false,"pivot":{"x":-2.4794833660125734,"y":0.4838162660598755,"z":0.24655666947364808},"rotation":{"x":-0.1970101147890091,"y":0.004997643176466227,"z":-0.0010040244087576867,"w":-0.9803894758224487},"size":0.29638567566871645,"orthographic":false}