{"cameraMode":{"drawMode":2,"name":"Shaded Wireframe","section":"Shading Mode"},"sceneLighting":true,"audioPlay":false,"sceneViewState":{"m_AlwaysRefresh":false,"showFog":true,"showSkybox":true,"showFlares":true,"showImageEffects":true,"showParticleSystems":true,"showVisualEffectGraphs":true,"m_FxEnabled":true},"in2DMode":false,"pivot":{"x":-0.08229929208755493,"y":6.19976806640625,"z":-6.371147155761719},"rotation":{"x":-0.0002803005918394774,"y":-0.9986253380775452,"z":-0.052165597677230838,"w":0.005413990002125502},"size":5.547092914581299,"orthographic":false}