{"cameraMode":{"drawMode":0,"name":"Shaded","section":"Shading Mode"},"sceneLighting":true,"audioPlay":false,"sceneViewState":{"m_AlwaysRefresh":false,"showFog":true,"showSkybox":true,"showFlares":true,"showImageEffects":true,"showParticleSystems":true,"showVisualEffectGraphs":true,"m_FxEnabled":true},"in2DMode":false,"pivot":{"x":-254.85118103027345,"y":20.51633071899414,"z":-166.69683837890626},"rotation":{"x":-0.029938049614429475,"y":0.9672986268997192,"z":-0.1370209902524948,"w":-0.21134208142757417},"size":109.38701629638672,"orthographic":false}