{"cameraMode":{"drawMode":0,"name":"Shaded","section":"Shading Mode"},"sceneLighting":true,"audioPlay":false,"sceneViewState":{"m_AlwaysRefresh":false,"showFog":true,"showSkybox":true,"showFlares":true,"showImageEffects":true,"showParticleSystems":true,"showVisualEffectGraphs":true,"m_FxEnabled":true},"in2DMode":false,"pivot":{"x":44.475399017333987,"y":43.979286193847659,"z":58.875553131103519},"rotation":{"x":0.00015677606279496104,"y":-0.9998100996017456,"z":0.017396409064531328,"w":0.008979090489447117},"size":88.50901794433594,"orthographic":true}