{"cameraMode":{"drawMode":0,"name":"Shaded","section":"Shading Mode"},"sceneLighting":true,"audioPlay":false,"sceneViewState":{"m_AlwaysRefresh":false,"showFog":true,"showSkybox":true,"showFlares":true,"showImageEffects":true,"showParticleSystems":true,"showVisualEffectGraphs":true,"m_FxEnabled":true},"in2DMode":false,"pivot":{"x":127.49171447753906,"y":180.67181396484376,"z":-64.78791809082031},"rotation":{"x":0.07919219136238098,"y":0.9183244109153748,"z":-0.23674733936786652,"w":0.30718037486076357},"size":391.3539123535156,"orthographic":false}