{"cameraMode":{"drawMode":0,"name":"Shaded","section":"Shading Mode"},"sceneLighting":true,"audioPlay":false,"sceneViewState":{"m_AlwaysRefresh":false,"showFog":true,"showSkybox":true,"showFlares":true,"showImageEffects":true,"showParticleSystems":true,"showVisualEffectGraphs":true,"m_FxEnabled":true},"in2DMode":false,"pivot":{"x":22.231508255004884,"y":12.733854293823243,"z":7.466026306152344},"rotation":{"x":-0.028491122648119928,"y":-0.1473030000925064,"z":0.004244831390678883,"w":-0.9886724948883057},"size":26.468427658081056,"orthographic":false}